"Abu Dhabi Grand Prix","81","81.19183811892381","0.12849","199.1416576867816","336","1","113.66586014228912","6444.354447747542","12932","0","4839.806316005602","33.46387"
"Abu Dhabi Grand Prix","55","85.51043135043699","0.24363","199.08394684446915","335","1","113.29369542775582","6338.095529384862","12619","0","4819.508746672043","37.84301"
"Abu Dhabi Grand Prix","4","76.98982472963614","0.13015","198.83630499059225","333","1","113.71907595234467","6506.112079807912","12687","0","4896.185767766256","33.48960"
"Abu Dhabi Grand Prix","10","84.68154082877912","0.13235","198.41604282927273","333","3","112.61548073905809","6466.460124628402","12443","0","4920.212296322841","18.21976"
"Abu Dhabi Grand Prix","27","81.457527288447","0.13878","198.2621061064625","334","1","112.31474680542365","6519.919163045964","12514","0","4804.522495316021","33.03510"
"Abu Dhabi Grand Prix","20","81.34992840621214","0.14224","197.97779787474565","340","1","112.62045973712398","6384.656843128288","12425","0","4834.5466295971555","33.15230"
"Abu Dhabi Grand Prix","14","83.48556533437973","0.12371","197.81951502184185","331","1","113.15181650224275","6461.43236908301","12963","0","4845.750921786812","9.73588"
"Abu Dhabi Grand Prix","31","84.4703090391309","0.17379","197.71431802759557","331","3","112.86478688082033","6451.371684198491","12121","0","4766.541664276657","18.78573"
"Abu Dhabi Grand Prix","18","80.2220054623488","0.13040","197.50605413105413","333","1","112.68277654876033","6470.011548136291","12827","0","4815.026267504809","12.52573"
"Abu Dhabi Grand Prix","16","79.36572612935136","0.19709","197.38508627955463","332","1","112.78170372973008","6655.319403155729","12442","0","4718.356920949527","36.39378"
"Abu Dhabi Grand Prix","1","80.75447663795353","0.15333","197.37417914368268","333","3","112.13960138299451","6470.013634804482","12635","0","4772.813394567441","14.71816"
"Abu Dhabi Grand Prix","22","84.23569627346596","0.11874","197.25226465364122","329","1","112.47521012707233","6548.570860965013","12726","0","4991.6823378133395","11.38806"
"Abu Dhabi Grand Prix","63","80.97819470086323","0.16636","197.1172960494795","332","1","112.64721547996638","6595.2715241253145","12944","0","4782.527345269344","14.10931"
"Abu Dhabi Grand Prix","3","84.08802234764266","0.11728","197.06448606426414","338","1","112.49552051930642","6500.83303796021","12411","0","4910.2668165826235","11.62246"
"Abu Dhabi Grand Prix","44","77.79161050304631","0.12449","197.0252390725296","336","2","112.21655145049095","6449.89486622456","13190","0","4744.730344582315","8.63252"
"Abu Dhabi Grand Prix","24","85.51223445924151","0.24783","196.75190299167994","338","2","111.91819725643127","6418.3296935742055","12504","0","4768.4565966069","33.37240"
"Abu Dhabi Grand Prix","11","80.28776447898349","0.11079","196.6797852515751","343","1","113.52430676716457","6290.917276469243","12406","0","4846.097956869517","13.07169"
"Abu Dhabi Grand Prix","23","74.84663223943583","0.13137","196.5670939981369","339","1","112.58762239569943","6514.492653784588","12805","0","4844.290663004521","10.58198"
"Abu Dhabi Grand Prix","2","80.00765102203951","0.13655","196.56638774516315","343","1","112.4922059718167","6430.76817973931","13003","0","4784.565036392221","11.46524"
"Abu Dhabi Grand Prix","77","86.65628323289613","0.27776","196.49502420656268","332","1","111.7377746642218","6287.8898639378","12596","0","4824.86352547564","32.72925"
"Australian Grand Prix","20","93.52933996521314","0.43391","200.83758865248228","334","1","110.48233046102861","4227.485263586404","12728","0","4820.765478423632","44.43924"
"Australian Grand Prix","10","89.55819311596733","0.30617","197.3851209621032","328","5","111.3884012737916","4572.957052717281","12474","0","5007.992714601409","67.44352"
"Australian Grand Prix","31","87.98060270176654","0.27460","196.31502086230876","340","5","111.00091770240259","4512.893812334622","12241","0","4974.172273675576","55.14757"
"Australian Grand Prix","21","90.02292465378297","0.26145","192.76690496789763","329","1","109.87786477235629","4539.384469774069","12746","0","5015.382351833726","54.37207"
"Australian Grand Prix","27","82.31290426166338","0.17867","192.44055667749583","329","1","110.68278432894179","4895.252941176471","12752","0","4822.15890540853","72.67250"
"Australian Grand Prix","1","78.4281697474616","0.12591","191.9265825012097","328","1","109.8456140352718","4721.499185833503","12576","0","4966.574655121417","69.69062"
"Australian Grand Prix","11","81.86661633820725","0.22715","191.86253194161722","341","1","110.78786651966463","4762.410054956238","12333","0","4920.447752526771","67.46998"
"Australian Grand Prix","55","70.86165450636213","0.21225","191.38794369116505","327","1","110.89627533374987","4948.668939548138","12781","0","4861.225796259694","73.48463"
"Australian Grand Prix","44","77.12316995544239","0.14342","190.823130128453","316","1","109.97817399949186","4765.9171382047625","13333","0","4831.812587006585","59.10645"
"Australian Grand Prix","2","87.13693575640539","0.33487","190.72030055130713","335","1","110.22364548784326","4674.602035416243","13225","0","4834.638296765676","60.03867"
"Australian Grand Prix","77","84.58980939799962","0.26766","189.73493410670875","333","1","109.42835424367811","4773.868105027478","12756","0","4913.913192954026","64.09933"
"Australian Grand Prix","4","80.20845921450152","0.16241","189.5100260806362","327","1","110.37813840733132","5047.14756767759","12826","0","4923.537835023426","62.56055"
"Australian Grand Prix","24","81.73425016371971","0.19265","189.08525777588412","329","1","109.4982233330628","4779.313067372278","12762","0","4846.47485904205","65.03358"
"Australian Grand Prix","81","75.38566713814238","0.15911","188.48161545663461","330","1","109.575567545084","5023.840036637493","12864","0","4909.261410275463","64.23163"
"Australian Grand Prix","22","77.46776425674064","0.10820","187.73536289985802","322","1","109.36999781598941","4969.024933848972","12896","0","5040.5652271555255","52.69896"
"Australian Grand Prix","18","81.46922469049082","0.19332","187.45053964476926","329","1","110.00003526156473","4767.024526765724","13096","0","4836.881967148331","64.08508"
"Australian Grand Prix","14","82.32481719279473","0.17330","187.41003651184514","319","1","109.54813023331403","4836.2888052106655","12994","0","4796.572270788132","62.70914"
"Australian Grand Prix","63","98.04858208745898","0.62581","168.03053259871442","324","2","73.28003014482815","1767.183574190922","12228","0","3642.161916790083","84.16446"
"Australian Grand Prix","23","100.36665965692312","0.65561","160.38508239375543","316","1","53.656003495940695","945.0103806228374","13261","0","2777.626076163674","89.22858"
"Australian Grand Prix","16","101.4563959717163","0.83116","133.43037404236142","294","1","34.186210040921644","636.8932627722369","12682","0","1946.3643228516848","100.00000"
"Austrian Grand Prix","55","80.12770238893762","0.17289","206.17842011110065","327","1","115.6209261428799","6384.146791145558","12642","0","4886.686478220514","39.91838"
"Austrian Grand Prix","16","80.52235595814203","0.26904","205.88716793391532","314","1","115.39145236353271","6492.930479713464","12635","0","4811.9432159000135","43.52945"
"Austrian Grand Prix","1","83.91680658614527","0.18005","205.74306569343065","323","1","114.995414722733","6322.932945804709","12178","0","4956.813501580436","19.62891"
"Austrian Grand Prix","44","83.35276229092752","0.19491","204.95774387424873","324","1","114.38573870343383","6319.931624684399","13121","0","4821.885365650177","18.02008"
"Austrian Grand Prix","4","78.94479171875781","0.19312","204.16503496503498","320","1","115.16761267074924","6658.562092654571","12761","0","4944.796158337234","43.44137"
"Austrian Grand Prix","10","84.1102890571232","0.11908","204.0209003965477","320","5","113.84238571957634","6488.204685573366","12355","0","4954.751232316828","14.96389"
"Austrian Grand Prix","18","84.32838945039173","0.14462","203.7649307660031","325","1","114.6522206669228","6390.474399624215","12454","0","4881.915078560643","14.65563"
"Austrian Grand Prix","11","78.8412530177236","0.12439","203.40461567094732","331","1","115.24713713890871","6354.025042569432","12872","0","4970.648292520524","16.25272"
"Austrian Grand Prix","14","85.71343659942363","0.13202","202.80665367483297","315","1","114.500621706355","6424.4362926428275","12756","0","4836.067170770927","15.35729"
"Austrian Grand Prix","63","84.08003742009251","0.18775","202.7347742467259","327","2","113.88688817853728","6448.995684340321","13282","0","4876.568301009357","39.99472"
"Austrian Grand Prix","20","90.80296484204685","0.42860","202.62323793250746","327","1","114.39569977402772","6580.637396512242","12678","0","4544.222517518611","45.28800"
"Austrian Grand Prix","23","82.73394397699435","0.20742","202.40568759444977","325","1","113.74846214347848","6465.017321355176","12925","0","4831.058055351055","20.43920"
"Austrian Grand Prix","31","83.81326362781955","0.14829","202.21092322825425","333","5","113.84924878114509","6311.534466560977","12368","0","4909.89328562692","13.49011"
"Austrian Grand Prix","21","92.59176470588235","0.40324","202.14544859507222","322","1","114.14749829168375","6304.604309788034","12761","0","4948.044621793928","12.04862"
"Austrian Grand Prix","81","82.66866727399389","0.18819","201.81733601383888","327","1","113.88061669719961","6545.252069755153","12392","0","4871.265825254145","42.93054"
"Austrian Grand Prix","2","81.91796759066897","0.13514","200.92304865162862","327","1","113.68120507457151","6432.853414362045","13190","0","4845.825037659827","14.75251"
"Austrian Grand Prix","77","88.28002135714979","0.26907","200.63814192129735","324","2","113.23393070573292","6411.493335681992","12670","0","4839.686866548073","35.74658"
"Austrian Grand Prix","24","88.29301722541211","0.27118","200.61099394828534","323","2","113.18467633752329","6349.750660560155","12376","0","4829.189034512924","36.48641"
"Austrian Grand Prix","22","82.98489216929997","0.12753","200.49067497594282","324","1","112.88990376037448","6500.158152780225","12986","0","4972.532204912239","15.63619"
"Austrian Grand Prix","27","98.49109818438217","0.58890","172.13095677872184","315","2","71.0462701279735","1722.93687980741","12666","0","3558.4849745891183","41.53309"
"Azerbaijan Grand Prix","1","81.17961614059429","0.15788","187.91086623553437","349","1","111.52628749033931","6513.981831798514","12558","0","4826.745789571907","22.55631"
"Azerbaijan Grand Prix","16","80.38755020080322","0.26545","186.04003954522986","338","1","110.96446976578314","6778.478669699323","12621","0","4577.9265238121325","48.79896"
"Azerbaijan Grand Prix","31","85.98777355388883","0.21647","185.89826565143824","340","5","110.96161154261911","6535.688644180628","12167","0","4757.928443813142","45.81715"
"Azerbaijan Grand Prix","27","88.60441148507321","0.41321","185.70791475768146","349","1","111.69606526662594","6900.233135470987","12740","0","4276.786443654915","48.94874"
"Azerbaijan Grand Prix","55","80.92347043175772","0.19527","185.66068266974102","334","1","111.06626954320585","6680.388799511817","12567","0","4592.580396709893","46.06402"
"Azerbaijan Grand Prix","81","80.52737413016783","0.20864","185.6362069690219","347","1","111.3619593245689","6606.90086541662","12219","0","4711.187661479171","26.41740"
"Azerbaijan Grand Prix","4","80.0142651148419","0.21020","185.52200730080142","342","1","111.32324192558387","6698.250832131366","12521","0","4709.4712576223355","26.56718"
"Azerbaijan Grand Prix","63","84.88751348297293","0.20451","185.115524060646","345","1","110.62379199927885","6627.06196604904","12725","0","4706.81042584268","27.51581"
"Azerbaijan Grand Prix","23","83.45033539039441","0.23158","185.0857862691581","348","1","111.14473502359326","6531.454426938866","12988","0","4687.302202124729","27.14135"
"Azerbaijan Grand Prix","20","84.11388286334056","0.22418","184.4646680063979","357","1","111.49199937285844","6732.045406634861","12788","0","4599.007262560466","30.54754"
"Azerbaijan Grand Prix","44","79.18636363636364","0.21039","184.34104376966775","345","1","110.95401126155198","6582.874209475202","13297","0","4653.121255425153","27.48253"
"Azerbaijan Grand Prix","2","82.75303947565918","0.25175","184.15787932044523","346","1","111.0932568188772","6487.87595695107","13126","0","4675.725080383719","47.69500"
"Azerbaijan Grand Prix","10","83.57103870788082","0.15142","184.0418837428724","349","5","110.66547443658021","6836.2333018972595","12587","0","4765.170748925191","41.87285"
"Azerbaijan Grand Prix","14","80.04426398261467","0.16041","183.96385196126704","341","1","111.24074978819948","6649.5984966159995","12726","0","4652.152312574103","23.91546"
"Azerbaijan Grand Prix","22","83.84175103543488","0.15106","183.82582176920872","349","1","110.78607902643844","6881.5577221790745","13242","0","4893.660791971476","24.66437"
"Azerbaijan Grand Prix","18","80.58170752516922","0.17128","182.97570932843436","342","1","111.12017328757781","6626.483496061245","12607","0","4671.772331145529","25.68512"
"Azerbaijan Grand Prix","77","84.5405018981413","0.24370","182.64137021311677","346","2","109.31945273335907","6511.73887717741","13030","0","4635.906303759131","43.88383"
"Azerbaijan Grand Prix","24","91.00796847256507","0.40361","180.46922862712336","345","1","107.93124341115798","4792.265311217131","12480","0","4860.951510606099","43.20149"
"Azerbaijan Grand Prix","21","99.8099481676821","0.54377","160.75617098133654","341","1","73.98068262209469","1782.2369077998446","12904","0","3715.0318707841834","17.20848"
"Azerbaijan Grand Prix","11","77.58481475328128","0.14096","145.04383894025838","347","1","111.27381286402552","6555.742649506269","12717","0","4847.203661009893","23.99867"
"Bahrain Grand Prix","10","83.38172073992969","0.12946","186.7047458506224","330","5","106.75436121155971","6476.452765839456","12581","0","4888.299868221847","26.69902"
"Bahrain Grand Prix","18","85.20421566452185","0.28937","186.6005712824011","326","1","106.28581549737372","6489.77493414668","12554","0","4765.207273365445","31.44323"
"Bahrain Grand Prix","11","81.77350631941785","0.23801","186.54437340153453","331","1","106.37526821112026","6504.793178982393","12611","0","4842.060007710308","26.80993"
"Bahrain Grand Prix","55","84.17645504974905","0.27373","186.02655310621242","329","1","106.3146302654371","6766.891834188271","12718","0","4499.811572341787","40.24123"
"Bahrain Grand Prix","1","83.48389634656046","0.23588","185.9299868460135","309","1","105.93264420732845","6320.384361569389","12317","0","4748.853913580297","25.44850"
"Bahrain Grand Prix","14","83.38220335235063","0.26355","185.63583670405737","329","1","105.93928092443169","6504.461472341605","12676","0","4612.729211005832","27.69999"
"Bahrain Grand Prix","77","85.68159155342653","0.23189","184.83536255973405","322","2","104.54343507090664","6517.5296825176765","12559","0","4704.6262428915115","30.32026"
"Bahrain Grand Prix","27","84.3654177845918","0.25268","184.7116972863644","332","1","105.83901305759235","6629.59157077499","12631","0","4522.908826633247","40.56287"
"Bahrain Grand Prix","44","82.44266390158835","0.23807","184.56248448233055","334","2","106.01035910207372","6452.72826840427","12770","0","4567.825550698266","25.58159"
"Bahrain Grand Prix","20","85.19164784468259","0.24827","184.2527934134252","330","1","105.55278630085829","6774.615610702897","12580","0","4446.390785769481","42.17940"
"Bahrain Grand Prix","63","85.06907666369136","0.22213","184.22115503524466","329","1","106.01617669909716","6629.203826424511","12818","0","4586.727020494499","25.59823"
"Bahrain Grand Prix","22","86.63958295057873","0.25695","184.0517875594131","334","1","106.07459322569727","6766.710605850548","12885","0","4863.810201129126","29.39969"
"Bahrain Grand Prix","2","83.07397693872937","0.28754","184.04805386071953","335","1","105.80904952366828","6474.805517815056","12609","0","4463.061729729949","29.75184"
"Bahrain Grand Prix","31","90.97943582636685","0.38844","183.67349009310098","330","5","103.70977712319554","4681.894523776515","12151","0","4900.18501053457","25.77846"
"Bahrain Grand Prix","16","89.4439463873602","0.37710","183.65659805236456","326","1","105.45418014570345","4870.200499098849","12651","0","4954.715410364541","39.07389"
"Bahrain Grand Prix","23","82.27174567866908","0.28903","182.97181533903884","332","1","105.52441647453853","6526.432108692638","13144","0","4660.449285416442","28.68987"
"Bahrain Grand Prix","4","83.77121754076276","0.27295","182.92326985206597","327","1","105.56319586268746","6715.29161236656","12621","0","4718.748881085777","27.58076"
"Bahrain Grand Prix","24","82.89866929985423","0.24140","182.62842030735914","332","1","104.7430559175269","6368.293719672813","12588","0","4628.760329131914","30.55040"
"Bahrain Grand Prix","21","86.07467365367519","0.25523","182.37382281856821","329","1","105.32586658490762","6594.884486344101","13036","0","4817.125027623411","26.82379"
"Bahrain Grand Prix","81","98.15952514189783","0.60419","165.6918809201624","328","1","75.85828001074093","2213.8444197975878","12785","0","3880.5856983175145","73.85277"
"Belgian Grand Prix","1","82.07395130872099","0.12847","212.6094899169632","341","2","121.84768293833608","6390.163893762478","12621","0","4882.471277697712","20.46706"
"Belgian Grand Prix","27","88.30234642968506","0.37425","211.41575406374307","345","1","122.03844335649546","6704.546070542682","12641","0","4451.676696171189","38.53833"
"Belgian Grand Prix","63","83.27670232194104","0.16940","210.41252172279366","350","2","121.02902037356007","6524.780143989352","12829","0","4942.295840629002","23.85807"
"Belgian Grand Prix","23","75.69254020070125","0.13637","210.40722564965415","350","1","123.12921530463949","6710.121422953596","13110","0","4886.9127647376545","17.28175"
"Belgian Grand Prix","24","86.10761343490968","0.26084","209.97441038861834","349","1","122.25742673277428","6386.136215137032","12764","0","4858.163532020538","38.04828"
"Belgian Grand Prix","4","73.59084912132566","0.11229","209.94640762119292","338","1","120.7552746354569","6653.846118942465","12598","0","4931.268379826245","15.76018"
"Belgian Grand Prix","16","81.93663254684247","0.26233","209.92377291266232","320","1","121.34981285236609","6673.52271764777","12640","0","4792.833381767075","44.88172"
"Belgian Grand Prix","44","80.7535421875766","0.17911","209.8999530516432","330","1","121.57906753225174","6441.85591989836","13133","0","4852.806594450978","23.65842"
"Belgian Grand Prix","11","77.06335856462013","0.10091","209.83805156520518","318","1","121.13395559562375","6430.453747958134","12862","0","4834.952040889005","20.05566"
"Belgian Grand Prix","77","88.32056032076333","0.24572","209.73532499761382","349","1","122.04304422193819","6344.14689333898","12571","0","4866.388899376988","38.18440"
"Belgian Grand Prix","14","81.69127477077788","0.10829","209.56924013866765","335","1","121.29094759903984","6553.230352713413","12334","0","4826.833285862485","16.86430"
"Belgian Grand Prix","10","81.91620078855999","0.10790","209.3599027037141","354","5","121.35040537683476","6568.057565490955","12458","0","4841.512267467807","34.99304"
"Belgian Grand Prix","3","83.44822772517601","0.10754","209.35112725917645","347","1","121.88335015497803","6566.603757033094","12683","0","4916.612114678823","38.95577"
"Belgian Grand Prix","20","83.13948335179894","0.13528","209.24223081582258","350","1","121.62723634074676","6750.525712384294","12823","0","4791.154946826901","39.74227"
"Belgian Grand Prix","31","81.03600847258178","0.13283","209.2375825101821","349","5","121.34162850196282","6560.467904894428","12113","0","4696.9587472816675","20.31883"
"Belgian Grand Prix","18","80.09895158440335","0.11604","209.1835274308966","344","1","120.87073093939006","6619.431968056144","13091","0","4877.224882188615","19.51116"
"Belgian Grand Prix","22","81.93998459624385","0.10324","209.1021382117625","342","1","121.2617731049844","6517.992014035937","12797","0","4907.876551261186","14.04804"
"Belgian Grand Prix","2","77.21268436578171","0.12539","208.7214769678505","356","1","122.15147502034824","6859.286556960494","13224","0","4900.475261456085","18.96061"
"Belgian Grand Prix","55","86.84320728603956","0.42072","201.44870150689323","337","1","111.17846988653758","3918.8299050154274","12574","0","4764.73846696929","45.08742"
"Belgian Grand Prix","81","98.94142361620011","0.57874","145.93161512027493","306","1","49.67523554590576","885.038417327122","12531","0","2624.9714337123633","92.66441"
"British Grand Prix","20","92.49180930379082","0.32772","209.7969473764143","323","1","113.44158890072822","4087.3112115893746","12628","0","4988.154986885339","61.42428"
"British Grand Prix","27","79.95273535129131","0.12577","206.08324498732426","330","1","115.86790989402463","6661.461403456585","12692","0","4851.165032155171","44.46560"
"British Grand Prix","55","85.56968745326753","0.37918","205.54240485941742","331","1","116.69701648065572","6619.740547937055","12549","0","4742.235023353394","47.62769"
"British Grand Prix","63","77.39855361311999","0.10060","205.32394171990623","326","1","116.0878415257762","6490.457566112384","12510","0","4827.348985818869","20.53723"
"British Grand Prix","81","72.1650677957018","0.09349","205.1505262674082","323","1","116.23166954206965","6605.79742392242","12731","0","4863.186508947246","44.08186"
"British Grand Prix","18","78.17448349560675","0.11798","204.9303105475928","334","1","116.3770587141111","6568.007496207276","12613","0","4825.940780738606","24.32400"
"British Grand Prix","1","77.56873068559003","0.10953","204.90044999540822","321","1","115.81849646145011","6493.64193711515","12294","0","4887.358675459565","24.19014"
"British Grand Prix","22","77.54088085200799","0.08469","204.87702888583217","331","1","115.82833970852059","6613.327780587203","12758","0","4963.193107331399","23.97002"
"British Grand Prix","16","81.36254422169812","0.34878","204.8548742427024","333","1","116.73372555614931","6660.04625635839","12459","0","4769.569375779521","48.06794"
"British Grand Prix","44","73.34285119883498","0.11009","204.4116190563529","325","2","115.73057496258608","6344.396495820567","12966","0","4728.703150935367","20.66514"
"British Grand Prix","2","76.13452415812591","0.11316","204.3331043956044","332","1","115.88302794320748","6489.787518219949","12962","0","4791.593422777414","22.56299"
"British Grand Prix","24","85.53965654391465","0.24351","204.2253998808378","332","1","115.26449186862693","6476.313442603445","12616","0","4799.913766460771","45.96186"
"British Grand Prix","77","84.77442591249698","0.23021","204.1876459544851","324","2","115.40684858624724","6563.560073772199","12589","0","4835.947495425168","45.02186"
"British Grand Prix","14","81.00940678464342","0.12681","203.80881806355697","323","1","116.65129082394907","6446.084600053544","12820","0","4778.472178175656","40.47654"
"British Grand Prix","21","80.24360550190225","0.11304","203.5999635086439","335","1","115.79977245590162","6590.617425707232","13094","0","4910.136052316342","23.72609"
"British Grand Prix","23","74.09352268791133","0.12800","203.5708997852214","330","1","115.78388307602775","6505.487164232382","13207","0","4763.603723758129","22.65818"
"British Grand Prix","4","77.78213220105577","0.09986","203.29607002826663","312","1","116.55895460274371","6676.4440610405445","12573","0","4929.410952413796","44.52807"
"British Grand Prix","11","76.05316398786108","0.10974","202.837225212077","339","1","116.00113179829332","6529.4551268703335","12578","0","4790.656284716624","24.80590"
"British Grand Prix","10","82.05077989601386","0.14630","202.05304204111147","318","5","115.940000992562","5834.675194098224","12261","0","4940.262492143768","22.88128"
"British Grand Prix","31","98.90020166248586","0.51197","194.5862464183381","318","5","78.15199391325434","1575.7528631347236","11978","0","3577.6448090319523","9.97412"
"Canadian Grand Prix","11","80.16577047165464","0.16791","185.268082737356","337","1","108.30715360503993","6213.086914785661","12753","0","4795.044737022531","25.34215"
"Canadian Grand Prix","10","82.56884979151836","0.16969","184.73929180887373","338","5","107.77681626086174","6503.144208880722","12257","0","4729.992399639652","43.98398"
"Canadian Grand Prix","1","80.94880103694102","0.18296","184.11036564911103","332","1","107.8431512487054","6425.522256657799","12359","0","4680.617307191438","26.97677"
"Canadian Grand Prix","31","82.30001684541524","0.15619","184.09214784534151","327","5","106.94442396648186","6366.7399961602805","12299","0","4740.41549204235","21.10474"
"Canadian Grand Prix","55","78.94500750750751","0.21741","183.8779303415941","338","1","108.79861300159686","6563.410904802392","12612","0","4528.3343394751055","48.08425"
"Canadian Grand Prix","14","83.04457917261055","0.19607","183.7235353281368","330","1","107.74439370682583","6426.099668138559","13177","0","4679.280131127434","28.59219"
"Canadian Grand Prix","16","74.7258621443245","0.22114","183.53742208091035","344","1","108.41917414522504","6680.911220207893","12731","0","4589.871084314555","48.08151"
"Canadian Grand Prix","81","78.07067121083026","0.19909","182.90480749219563","336","1","107.73100737301345","6662.497133923919","12750","0","4715.440334909926","48.13362"
"Canadian Grand Prix","27","83.24166301543255","0.22830","182.85690810264188","338","1","107.4861482222815","6579.323084940073","12837","0","4680.702647421807","48.13911"
"Canadian Grand Prix","4","75.45002118743821","0.22054","182.70965321773926","336","1","108.53464218800204","6734.034886591152","12818","0","4756.480728263358","48.13088"
"Canadian Grand Prix","44","81.59911270530489","0.21072","182.67051097886312","324","1","107.4547153113359","6397.706864869312","13018","0","4626.559542087751","27.98058"
"Canadian Grand Prix","22","83.08327425424007","0.14086","182.1190661160404","337","2","107.71650186661932","6629.889059543073","12916","0","4843.440041643354","23.81997"
"Canadian Grand Prix","23","78.89543808834178","0.23291","181.95202484573576","345","1","107.32405763153231","6666.248566961959","13236","0","4598.388157164959","36.54316"
"Canadian Grand Prix","18","81.18483671843887","0.21590","181.94158047165908","340","1","107.75117526777836","6429.674638655001","13013","0","4634.475175994994","46.31524"
"Canadian Grand Prix","63","86.43920919263385","0.28162","181.23501073467037","336","1","107.12272342795517","5201.703985079948","12684","0","4807.188384779256","30.22408"
"Canadian Grand Prix","77","83.62797222750618","0.23609","181.17095932838862","336","1","107.09132079407013","6491.7094703930225","12649","0","4642.5155347414975","42.89241"
"Canadian Grand Prix","20","81.24450312293709","0.20948","180.70065392144613","340","1","107.34284149908211","6466.460601738844","12627","0","4590.456451884576","48.10620"
"Canadian Grand Prix","24","84.4347599391701","0.29344","180.4152243458289","343","1","107.10542935661115","6415.207728806122","12560","0","4629.349444332277","42.83207"
"Canadian Grand Prix","21","81.59535247458385","0.14953","179.6472007524639","339","1","107.45879215188617","6600.921587449604","12866","0","4765.905411100793","23.47988"
"Canadian Grand Prix","2","100.04540726516242","0.64378","147.04552452166263","337","1","57.688463478465195","1255.1047969062834","12866","0","3016.3412752003505","20.23532"
"Dutch Grand Prix","24","90.79076758236852","0.48629","177.49566119600075","324","1","99.42744478185745","4410.706603451222","12534","0","4847.272698070458","66.04519"
"Dutch Grand Prix","1","69.2090395480226","0.12169","171.68540066713211","307","1","100.12340650544373","5400.829660003417","13084","0","4805.325788814214","50.34171"
"Dutch Grand Prix","4","67.36595198015416","0.16378","171.58044377286464","333","1","100.34354806398332","5484.040855117034","12858","0","4926.598628580435","73.06296"
"Dutch Grand Prix","81","67.11965767364191","0.11586","171.29793475709928","338","1","99.76353326520331","5505.281436869981","12879","0","4927.137775702635","64.64847"
"Dutch Grand Prix","55","68.37187127532778","0.29338","171.14267761065074","335","1","100.21066001509072","5438.107551682898","12710","0","4742.466492391191","69.01589"
"Dutch Grand Prix","31","70.2681446427653","0.14219","171.14014186620685","325","5","99.69477135436618","5399.240560396378","12297","0","4680.260043665871","51.76832"
"Dutch Grand Prix","14","70.26551373346898","0.12192","171.06175501882058","324","1","100.11523264598699","5365.655603963779","13371","0","4766.3136647115225","49.44686"
"Dutch Grand Prix","20","80.81405256828724","0.35418","170.96778416980757","329","1","99.52739070075816","5636.66032376559","13222","0","4398.553773853275","65.97471"
"Dutch Grand Prix","27","73.49426703307117","0.18476","170.67025467025468","337","1","99.42000368186787","5526.166111395865","12702","0","4687.179130408594","70.06663"
"Dutch Grand Prix","10","72.63730008132285","0.10744","170.4962461875342","334","5","99.65961159539518","5437.033807449171","12508","0","4834.056705899391","50.38869"
"Dutch Grand Prix","11","66.94606560676192","0.11321","170.45321351826527","304","1","100.08268776832419","5195.052409021015","13028","0","4831.510777917589","51.08064"
"Dutch Grand Prix","63","73.52034095311895","0.15432","170.32411478824346","328","1","99.77093562036542","5484.646740987528","13227","0","4804.05684857882","52.68666"
"Dutch Grand Prix","18","68.64749526130517","0.12248","170.04110868888196","330","1","99.51058095925437","5374.3785451905005","13516","0","4804.194354126349","49.65189"
"Dutch Grand Prix","44","65.9622641509434","0.15917","169.6297900061312","334","1","99.8605744127002","5282.109132069025","12974","0","4660.840987338975","52.80412"
"Dutch Grand Prix","23","63.649155227032736","0.13961","169.51050912584054","329","1","99.38737488174345","5483.210703912523","13496","0","4845.314518366143","49.32940"
"Dutch Grand Prix","77","79.70762675756285","0.25056","169.38841085271318","334","1","98.9410874161684","5387.013839056894","12773","0","4791.306143506467","65.55399"
"Dutch Grand Prix","16","87.53891842048166","0.59143","168.62170398833973","332","1","88.65945629823963","3278.439048351273","12575","0","4574.035039594705","40.10977"
"Dutch Grand Prix","22","68.91519086973632","0.11014","168.44866977873923","326","1","99.38768734467645","5558.075345976423","12717","0","4829.654309248543","50.05126"
"Dutch Grand Prix","40","74.2467042313417","0.12743","168.44771913791791","326","1","99.08539187037132","5429.565799589954","13097","0","4850.257456546193","66.00034"
"Dutch Grand Prix","2","97.22756429836886","0.63397","152.78571428571428","301","1","61.409188524727824","1510.1793738253887","13965","0","3438.3125587462882","13.22185"
"Hungarian Grand Prix","14","76.6752798285306","0.16088","177.92706766917294","320","1","98.81320669552825","6384.9534649968755","13520","0","4690.934000963845","12.29795"
"Hungarian Grand Prix","1","74.7338344202498","0.15830","177.54484916559693","318","1","97.87018807082542","6546.411208606123","12272","0","4579.648308346647","17.12532"
"Hungarian Grand Prix","18","77.42585966401843","0.16498","177.06044744617984","321","1","98.51806704349647","6383.0329792725","12549","0","4737.759601065456","11.85515"
"Hungarian Grand Prix","4","75.76205243868057","0.18068","177.04701166180757","316","1","98.36110005610375","6739.472684795306","12666","0","4744.421984064245","13.66439"
"Hungarian Grand Prix","63","76.96873421274208","0.15952","176.411425388869","321","2","96.86708470856139","6748.868408899514","12830","0","4674.38789200961","12.08606"
"Hungarian Grand Prix","44","72.48579649489929","0.14713","176.22950754409013","325","1","96.6959978726886","6468.635081904866","12981","0","4443.747336704213","15.59588"
"Hungarian Grand Prix","11","70.96387213832115","0.16050","176.13029801992175","327","1","98.16961540891789","6596.381217570834","12380","0","4731.0005480139125","17.07642"
"Hungarian Grand Prix","55","74.41090500281057","0.22200","176.06809862837375","318","1","97.86053577535975","6686.975333460107","12657","0","4595.107699869413","36.50539"
"Hungarian Grand Prix","16","69.65474060822898","0.21974","175.8867886668272","322","1","97.93415043940087","6786.200402053734","12790","0","4692.14528680445","34.70702"
"Hungarian Grand Prix","81","73.05106312658367","0.16259","175.7873831775701","318","1","97.80892655851885","6642.958137513243","12585","0","4625.172657245199","14.06101"
"Hungarian Grand Prix","3","81.47043395326656","0.14653","174.95185155239326","318","1","96.99933457213693","6681.048192116487","12738","0","4761.142424571026","15.27533"
"Hungarian Grand Prix","27","76.42348542321447","0.18508","174.6621096909885","321","1","97.1840228049004","6668.602401456086","12762","0","4602.6448926330595","33.99527"
"Hungarian Grand Prix","77","81.33871566443949","0.27668","174.09634088010205","323","1","96.79703198141415","6642.233571486784","12600","0","4596.9315105925725","34.51414"
"Hungarian Grand Prix","22","80.78313253012048","0.15082","174.09383561643835","320","1","96.95439770088892","6645.747439624025","12791","0","4775.21988215225","14.95205"
"Hungarian Grand Prix","2","71.69737683941139","0.18274","174.04044897110788","323","1","97.64787564988676","6519.017277444243","13323","0","4745.807391367469","15.34867"
"Hungarian Grand Prix","20","77.59760425909494","0.17446","173.85338376116522","321","1","97.04199985799899","6665.035397028062","12550","0","4623.617800141498","34.86730"
"Hungarian Grand Prix","24","82.46368987033676","0.29421","173.77751681859797","324","1","96.44528060719007","6607.082475347043","12546","0","4548.771754420646","34.48154"
"Hungarian Grand Prix","23","72.93259837362878","0.20347","172.73654188948308","322","1","96.34747387975683","6697.316698812855","13296","0","4540.2494187236225","14.93032"
"Hungarian Grand Prix","31","101.15075760620554","0.65315","127.12614259597807","294","5","38.624519174298996","786.5381000244492","12132","0","2382.3648172559674","19.12200"
"Hungarian Grand Prix","10","101.32457281637609","0.60430","119.72674897119342","280","5","34.857619429086036","647.8952487028334","12128","0","2217.6868692923413","91.55144"
"Italian Grand Prix","81","85.01625542730065","0.17076","218.43358015005148","347","1","126.19599428636062","5972.138350796254","12802","0","4946.0757730492105","33.16473"
"Italian Grand Prix","55","79.18361415141469","0.19783","218.269411534319","343","1","126.35751807841578","5922.5431755648815","12459","0","4916.9039837276605","52.70559"
"Italian Grand Prix","63","84.91323859386686","0.15806","217.34016216475555","337","1","125.69174414698645","5987.1870153692225","13049","0","5059.767078508923","33.07857"
"Italian Grand Prix","1","82.94158536585365","0.11703","217.28627563733946","347","1","126.1290540212865","5872.568466690754","12818","0","4972.423871761336","29.67677"
"Italian Grand Prix","14","85.24282723802487","0.11214","216.88680809558645","351","1","126.13116511759455","5948.760595870042","13069","0","5090.23011947203","25.29668"
"Italian Grand Prix","23","80.89081183134047","0.18154","216.78349561830575","344","1","125.73001109004568","5924.607515077402","13057","0","5053.384628431337","32.66168"
"Italian Grand Prix","27","87.06580072696173","0.17568","215.93737095664144","337","1","125.16700759999232","5877.6992301492455","12655","0","4908.909032386789","52.04136"
"Italian Grand Prix","4","84.61793857986243","0.17073","215.9241719930273","347","1","126.27262630953723","6053.589894666629","12681","0","5059.682432756946","31.39157"
"Italian Grand Prix","44","83.44292381102197","0.16484","215.91483686592045","359","1","125.68149079907027","5870.379033378727","13323","0","4977.626816684992","32.36708"
"Italian Grand Prix","16","83.71067304737235","0.25600","215.67630980600842","355","1","126.91807940634259","5986.023012145299","12647","0","5002.2479185403345","52.70559"
"Italian Grand Prix","10","87.75292697646348","0.09574","214.80984695350853","356","5","124.7413841235549","5949.410188710708","12396","0","5000.098681194642","43.44515"
"Italian Grand Prix","77","87.25629523906616","0.20744","214.7204870301747","353","1","125.29627964747215","5814.125733025764","12512","0","4950.668548488207","47.09986"
"Italian Grand Prix","20","87.72371358562484","0.17896","214.27783207897565","341","1","124.9986020181514","5869.7227425585725","12678","0","4909.3131704059815","52.70559"
"Italian Grand Prix","24","85.63493073571883","0.20591","214.18469289827254","350","1","125.27373431685024","5782.22725883105","12591","0","4927.685337598084","46.86640"
"Italian Grand Prix","11","81.28699002997125","0.10075","213.61744805412928","356","1","126.3983029728167","5805.876629332148","12587","0","5053.502521448512","29.99083"
"Italian Grand Prix","18","83.31501557632399","0.11765","213.48930968360497","352","1","124.95394467593603","6033.291237041772","13455","0","5069.4070262690275","24.49904"
"Italian Grand Prix","40","86.41947980077477","0.11345","213.31183758066794","351","1","125.13979586072382","5940.172896806648","12578","0","4965.545282417207","26.60293"
"Italian Grand Prix","2","84.27210195158366","0.17323","212.86396920766055","352","1","125.52317825034471","6052.25730246519","13169","0","4967.489307857273","35.76888"
"Italian Grand Prix","31","89.39125761375851","0.19558","212.07073738363547","344","5","120.83626807613328","4627.720241238431","12221","0","4977.28136702231","26.71966"
"Italian Grand Prix","22","101.92833221701272","0.63584","155.79286926994908","322","2","45.60442092738445","618.9464995414246","12421","0","2296.038441303529","73.51380"
"Japanese Grand Prix","1","73.1603668704836","0.13955","191.66647041507213","310","1","109.18886782992018","6488.601075877689","12207","0","4588.701267986018","26.55436"
"Japanese Grand Prix","55","72.35812327348066","0.23097","191.35402770651615","328","1","109.89253659537552","6609.584088335221","12604","0","4637.763064009342","49.58381"
"Japanese Grand Prix","14","75.65568930274813","0.12899","190.53592852584558","324","1","108.82755960076356","6639.619422423556","12875","0","4683.536154049973","22.18856"
"Japanese Grand Prix","44","72.9434768473364","0.17701","190.29744897959185","327","1","109.0593691098214","6320.830832389581","13332","0","4515.302196430649","29.52435"
"Japanese Grand Prix","63","76.15076017655714","0.16229","190.2387154250806","323","3","108.87450315605348","6565.7244620611555","12778","0","4707.019013270804","29.05436"
"Japanese Grand Prix","22","74.44172838131298","0.11416","190.01495238505623","324","1","108.38247137533025","6401.980945639864","12655","0","4768.06633215742","21.21744"
"Japanese Grand Prix","10","77.67330856692558","0.11854","189.71260511339506","328","5","108.52529508880782","6552.0139297848245","12304","0","4694.937775157751","39.33749"
"Japanese Grand Prix","4","74.20434586239776","0.18109","189.6718313436627","325","1","109.61103949837857","6799.001896942243","12720","0","4645.213846046936","30.64553"
"Japanese Grand Prix","81","74.6577950608555","0.17673","189.6449563818074","330","1","109.55013908840252","6746.879190260475","12860","0","4603.008921844931","32.03851"
"Japanese Grand Prix","16","72.7729634560055","0.22959","189.30724980966076","331","1","109.40248443668784","6705.760305775764","12708","0","4597.54844672785","49.58097"
"Japanese Grand Prix","31","73.39137789904503","0.15504","188.90392754359235","329","5","108.89215911100341","6477.01667610419","12029","0","4585.477333584478","23.60985"
"Japanese Grand Prix","27","76.42668550272798","0.21050","188.86664379743578","324","1","108.78639788959164","6479.010362400906","12504","0","4608.581438220727","42.98414"
"Japanese Grand Prix","20","75.8649367930805","0.19122","187.72252758958626","327","1","108.5011614792802","6551.640628539071","12549","0","4439.616124298291","49.58097"
"Japanese Grand Prix","24","80.19827546026568","0.23771","187.1448874515978","321","2","107.73153001395869","6267.229416761042","12311","0","4523.942863964002","43.47961"
"Japanese Grand Prix","40","75.95378103191854","0.12135","187.12181146810406","323","1","108.04776671318135","6410.4288221970555","12411","0","4688.551370277236","23.41733"
"Japanese Grand Prix","23","83.0302649439445","0.37981","176.52266441303013","315","1","97.47190746090727","3608.0838901472252","13133","0","4614.032511468309","21.74405"
"Japanese Grand Prix","2","92.87684550487741","0.70549","172.82595074406058","314","1","91.9009284506863","3203.4337202718007","12793","0","4320.159878295332","26.64779"
"Japanese Grand Prix","18","91.07308654327164","0.42557","170.655153254931","325","1","89.99598294250629","2977.0704133635336","12514","0","4395.150551555099","54.50453"
"Japanese Grand Prix","11","86.28460164698879","0.43131","154.16853365627207","328","1","80.98464743014497","2589.366845979615","12272","0","4061.9975461517283","40.51246"
"Japanese Grand Prix","77","96.11072944029097","0.63822","140.65405135045015","315","1","60.978798456977394","1569.9614382785958","12148","0","3274.0655894580864","91.60532"
"Las Vegas Grand Prix","20","78.79304812834225","0.20266","201.2258977451981","358","1","105.35722110220564","8660.5305662542","12723","0","3437.987504651452","38.04802"
"Las Vegas Grand Prix","16","73.55391378031989","0.23433","201.11433478785628","354","1","105.6327323522622","8907.401458657707","12563","0","3444.9846641411405","37.78989"
"Las Vegas Grand Prix","63","76.33980696109974","0.17774","200.55946932926548","354","4","105.77798048514104","8931.947840694911","13245","0","3418.161162519864","31.02516"
"Las Vegas Grand Prix","10","81.30534122854237","0.18118","200.3305406406221","353","3","104.2051044234915","8807.685569122346","12527","0","3362.4818892212825","35.70843"
"Las Vegas Grand Prix","14","80.66069016333047","0.18922","200.10411073048792","357","1","106.26951614072007","8990.241047283454","13152","0","3430.625240746259","33.63517"
"Las Vegas Grand Prix","55","77.62328048496153","0.21200","200.0886239719065","366","1","106.35929723590175","8863.412685405228","12977","0","3461.3569196025387","38.10538"
"Las Vegas Grand Prix","77","79.24306408053032","0.19946","199.93741063604077","347","1","104.04554811990099","8664.637753011555","12450","0","3301.8937416666954","38.53970"
"Las Vegas Grand Prix","1","77.22877372523354","0.20634","199.89381224640354","358","2","104.5526880882699","8803.1405801852","12814","0","3380.4988175499293","32.29124"
"Las Vegas Grand Prix","44","72.02151029748283","0.19950","199.7943990018023","364","2","106.16891644599616","8643.758706875358","13335","0","3431.035215942431","31.18086"
"Las Vegas Grand Prix","27","80.46173637288338","0.25412","199.69644680416582","350","1","112.39531117253767","8000.263009096124","12586","0","4137.03689776668","38.04802"
"Las Vegas Grand Prix","3","81.77883136852896","0.17135","199.43547645327448","355","1","104.82852554785258","9042.029910677702","12879","0","3380.8389501194047","35.13480"
"Las Vegas Grand Prix","11","76.58811475409836","0.17885","199.35665206363845","356","2","105.22499333741827","8789.097025321642","12786","0","3450.9043922079186","32.48382"
"Las Vegas Grand Prix","24","80.50588884799411","0.23269","199.24051272627034","360","2","104.95866381208887","8741.474801278375","12769","0","3315.8715823152497","38.08490"
"Las Vegas Grand Prix","18","78.10331842786537","0.20954","199.00593185266933","354","1","104.62869730077304","8828.454068671637","13317","0","3421.520088602356","37.72843"
"Las Vegas Grand Prix","23","73.55807468477207","0.21986","198.92133333333334","356","1","104.53592286894948","8963.713431123495","13125","0","3368.0868794427256","33.88921"
"Las Vegas Grand Prix","2","75.20211904019943","0.20724","198.90673099012176","362","1","105.34553921969251","8855.038556092764","13286","0","3412.724777238244","33.88511"
"Las Vegas Grand Prix","81","76.49780424712748","0.18454","198.7951995585801","358","1","104.9977674448057","8849.98697041711","12771","0","3365.562238275204","32.55347"
"Las Vegas Grand Prix","31","78.09300972003957","0.21519","198.12636305323926","360","3","103.77785064751787","8905.936450053265","12455","0","3225.229577947802","34.19241"
"Las Vegas Grand Prix","22","80.89350029815147","0.24187","197.77410086198356","352","3","109.63643994348395","8271.122797672704","13063","0","4064.769311007411","35.53225"
"Las Vegas Grand Prix","4","101.43441579865203","0.83934","147.8372093023256","343","1","48.266496277490646","811.5551913463902","12882","0","2619.9979373193687","93.59584"
"Mexico City Grand Prix","1","72.01074234407568","0.16618","171.42999222999222","353","1","105.76082417471389","5626.2907698772115","12438","0","4667.92846961036","30.96783"
"Mexico City Grand Prix","10","76.13406316272139","0.14016","169.71306437632967","351","3","105.64836147112466","5789.09097063355","12320","0","4679.519684380441","27.02741"
"Mexico City Grand Prix","81","71.58374507300283","0.14382","169.61667703795894","349","1","105.29238468488491","5777.640716186564","12631","0","4746.723510225399","26.86633"
"Mexico City Grand Prix","3","76.60556012695427","0.13266","169.55074998057046","348","1","105.30383265984318","5659.772118212802","12833","0","4738.756231874809","29.95004"
"Mexico City Grand Prix","16","75.0955421936554","0.26626","169.5446669008313","332","1","105.49270724882884","5809.018184789205","12608","0","4623.416460844758","50.98744"
"Mexico City Grand Prix","55","74.18141180853046","0.20648","169.44562808599977","335","1","105.53641501866159","5868.334562771372","12753","0","4652.777104247181","51.21854"
"Mexico City Grand Prix","4","72.03216734915388","0.19366","169.05579232855482","360","1","105.36895400145193","5826.746790232971","12937","0","4696.777364687135","30.41692"
"Mexico City Grand Prix","44","72.14592052668705","0.20017","168.92247913636015","349","1","104.49175426573765","5551.21709696998","13260","0","4535.165826317956","34.12624"
"Mexico City Grand Prix","23","69.96032619571743","0.21906","168.78604127870886","353","1","104.93749293606307","5780.390284327","13021","0","4733.347828086553","30.37724"
"Mexico City Grand Prix","63","73.32209215442091","0.17914","168.6125033375291","351","2","104.91014058067151","5735.4897054017465","13102","0","4654.136366007041","29.71661"
"Mexico City Grand Prix","27","74.6426191437803","0.19473","168.60426320667284","359","1","105.21864121080668","5865.278234277977","12870","0","4625.8448610021205","49.21565"
"Mexico City Grand Prix","31","72.18572797474776","0.16623","168.50785873868224","350","3","105.03611604920107","5685.610345954527","12150","0","4618.433005420129","27.37523"
"Mexico City Grand Prix","2","67.93478991596639","0.16399","168.46522762951335","359","1","105.30925065345852","5640.811615855082","13262","0","4678.283680441018","26.96905"
"Mexico City Grand Prix","22","73.234790248188","0.14293","168.01135975076934","356","1","105.51994138288141","5902.5367430785755","13072","0","4818.995854108755","27.48027"
"Mexico City Grand Prix","77","77.56859030837005","0.27613","167.98880166243362","362","1","105.70354769797571","5609.89684392362","12872","0","4581.07135085551","45.72109"
"Mexico City Grand Prix","24","77.28448240122715","0.28078","166.32548163756772","353","1","104.4571508774211","5697.319832858677","12760","0","4514.013671202737","46.65951"
"Mexico City Grand Prix","18","84.11229146132223","0.40011","164.08456392780514","353","1","104.24471075964692","5319.042322237266","13057","0","4722.86639980918","25.88356"
"Mexico City Grand Prix","20","93.76858355557225","0.50605","163.67256849863804","357","1","87.91282313928693","2842.410009804379","12907","0","4266.397203229354","77.73239"
"Mexico City Grand Prix","14","84.72224532224533","0.28412","154.35959051724137","350","1","96.48704316084539","3971.9785470843644","13233","0","4643.232538349144","25.40035"
"Mexico City Grand Prix","11","100.88494667760459","0.65920","113.23066666666666","313","1","36.13694579053238","594.7015033381577","12282","0","2083.2502587212853","79.19604"
"Miami Grand Prix","1","81.77294320881019","0.17337","199.50522632651254","350","1","117.57737401949385","6334.603831767696","12605","0","4831.543194101853","16.69189"
"Miami Grand Prix","55","80.43211912727958","0.22020","198.80204702872015","341","1","117.16554537268368","6509.830768352225","12509","0","4637.723299642579","37.72664"
"Miami Grand Prix","14","81.32004095213719","0.19076","198.5225306012644","333","1","117.17166922440288","6394.527481940439","12644","0","4766.368913750939","19.82697"
"Miami Grand Prix","63","83.45297735113245","0.19544","198.3706198274344","344","3","116.40577167915241","6456.8668303686145","12657","0","4772.094342210303","16.06087"
"Miami Grand Prix","11","79.58641975308642","0.15350","198.27724993401952","340","1","117.20544506128438","6309.178996659338","12435","0","4780.915183396432","16.48916"
"Miami Grand Prix","27","80.82560086682427","0.21717","197.8122807017544","345","2","117.68112209192651","6515.156297290352","12630","0","4704.575464938079","38.34337"
"Miami Grand Prix","20","81.40103473762011","0.21931","197.75616293887595","343","1","117.09170430577186","6492.2569168831915","12501","0","4625.643296575538","38.62034"
"Miami Grand Prix","18","80.99106820176571","0.20161","197.63940719578608","351","1","117.90020095800061","6366.303457727779","12845","0","4781.648190118822","19.31017"
"Miami Grand Prix","44","79.5319240518437","0.20489","197.5321583585427","348","2","117.28468040075852","6393.726151386232","12907","0","4767.698566428197","15.80961"
"Miami Grand Prix","21","82.7526485220954","0.12866","197.3673540873068","335","1","116.18798148982849","6582.901379093739","12688","0","4876.6043671268735","11.78654"
"Miami Grand Prix","16","80.49567477925687","0.24952","197.35795105692483","341","1","116.66536254628993","6657.01090711818","12465","0","4682.639216964833","37.18128"
"Miami Grand Prix","22","81.80527805047063","0.11795","197.3446735846578","344","1","117.31017878343907","6656.311852211404","12848","0","4964.485861824351","12.47180"
"Miami Grand Prix","31","79.93794659646484","0.15193","197.261231281198","343","6","116.29130616481922","6525.643634183251","12375","0","4798.110171209539","9.85638"
"Miami Grand Prix","4","80.04580152671755","0.18022","197.09557344064388","342","1","116.35924083115272","6667.03320674985","12935","0","4772.823704187268","38.43760"
"Miami Grand Prix","23","81.38921694480102","0.22611","197.09118407785718","347","1","116.92625821357224","6558.753961682323","12913","0","4593.682620327663","18.40505"
"Miami Grand Prix","10","80.70760984869634","0.10907","196.70734690311872","343","6","115.94210673577902","6575.208834194672","12476","0","4835.391974806862","11.63807"
"Miami Grand Prix","77","85.61917301917302","0.25803","196.51675600296335","337","1","116.06411741555016","6388.752219969734","12562","0","4759.693461885935","32.10176"
"Miami Grand Prix","2","80.75728205128205","0.20815","195.12435004847097","330","1","115.79357208364316","6305.563743825486","12587","0","4688.984119498324","17.59701"
"Miami Grand Prix","81","80.73358934971839","0.18465","195.11688425864872","342","1","115.42573534710132","6529.816606230192","12641","0","4745.640123725093","38.85161"
"Miami Grand Prix","24","84.23145814581459","0.26066","191.85411965084097","346","1","116.35763501610094","6435.966250749508","12397","0","4751.094316574093","34.43166"
"Monaco Grand Prix","18","82.95005614411951","0.37667","139.8134462968024","290","1","83.2817533329693","4076.512483706006","12666","0","4486.61808459663","9.47308"
"Monaco Grand Prix","1","64.41066090999668","0.21521","138.39486228813558","274","1","84.01463685379395","6001.336358167051","12835","0","4467.84748835525","13.26331"
"Monaco Grand Prix","31","64.64811912225706","0.24388","136.68984640081726","287","5","83.00037848480885","6092.191993382132","12514","0","4240.695314821218","8.05174"
"Monaco Grand Prix","55","61.244762749031864","0.26138","136.5326636877285","290","1","84.06845412307396","6132.993632808583","12801","0","4291.047737763643","29.02838"
"Monaco Grand Prix","14","63.4819216182048","0.23173","136.5209326579261","289","1","83.991446771163","6018.524817005916","13377","0","4361.9040649761355","28.36659"
"Monaco Grand Prix","44","64.96570676938977","0.26161","136.46827649769585","288","2","83.45509863884406","5801.718389652061","13461","0","4209.343029387764","12.83716"
"Monaco Grand Prix","63","68.4502657943161","0.25396","136.43028757300215","288","2","83.30916639665932","6076.1125538955175","13090","0","4357.047773927591","29.50466"
"Monaco Grand Prix","10","67.55326560232221","0.19708","136.09685397344973","287","5","82.93671113376693","6363.399929810488","12755","0","4402.461714898401","8.82132"
"Monaco Grand Prix","81","67.76537961388416","0.24847","135.8582319907769","287","1","83.07724278306556","6168.87197934423","13056","0","4370.08729063675","32.78602"
"Monaco Grand Prix","16","63.15001361285053","0.32425","135.59889223094416","288","1","83.58934641873114","6295.665948059761","12703","0","4279.465782987101","32.40750"
"Monaco Grand Prix","4","67.31661200077176","0.24230","134.94003109498777","286","1","83.43182392077104","6330.93357064073","13089","0","4398.03279073789","32.44260"
"Monaco Grand Prix","77","71.76883104723562","0.32049","134.54571210635285","289","2","82.86512974691358","6020.19517697784","12624","0","4277.262120853141","26.78231"
"Monaco Grand Prix","22","66.63188167625309","0.20403","134.3111111111111","283","1","82.19003447609653","6009.438283365086","13091","0","4504.071032083526","9.41793"
"Monaco Grand Prix","21","68.5175564313866","0.20315","133.77625854568055","286","1","82.92571379402467","6259.948360573549","13032","0","4539.413127741333","8.88900"
"Monaco Grand Prix","23","64.244931711481","0.28718","133.74363676373505","290","1","82.34270107466189","6117.944725759551","13204","0","4274.541934881585","14.54678"
"Monaco Grand Prix","27","65.56973774678322","0.27885","133.20185013876042","291","1","82.36930427784534","6105.060588589191","12976","0","4256.872637020379","34.25248"
"Monaco Grand Prix","24","71.85053520146201","0.34037","133.07863223200115","289","2","82.29408970301466","6238.027398977239","12718","0","4311.5493317314995","27.17838"
"Monaco Grand Prix","11","57.63949843260188","0.20395","132.55098436062556","287","1","82.1887973729504","5906.333726060363","12667","0","4343.499154333118","9.30763"
"Monaco Grand Prix","20","68.37770729047926","0.30179","132.14427978660345","291","1","82.73955474461435","5675.457284668605","13087","0","4276.343579667799","33.64334"
"Monaco Grand Prix","2","65.1113519801195","0.26692","131.6710516805204","290","1","81.68726216938775","6152.473603730071","13335","0","4276.796605402335","13.65186"
"Qatar Grand Prix","63","85.48400905333595","0.18858","200.60206432178612","334","2","109.83979948791395","6675.284695587943","12802","0","4965.767023142616","26.06892"
"Qatar Grand Prix","1","78.7935611688955","0.17290","199.13126191714335","329","1","108.99734979755074","6614.239467030314","12540","0","4810.573735019778","26.91270"
"Qatar Grand Prix","4","83.0767987065481","0.17424","198.71380914757265","334","1","110.24626686476758","6714.671496349328","12802","0","4920.096718244621","48.18319"
"Qatar Grand Prix","81","81.40759543102607","0.17972","198.42934186872452","333","1","109.82082409815187","6668.453961760278","12506","0","4869.868131634581","26.81326"
"Qatar Grand Prix","11","84.56473948729074","0.35572","197.8002280601728","342","2","108.96270163986544","6461.320207960453","12591","0","4857.034601205013","38.78803"
"Qatar Grand Prix","16","78.51790633608816","0.25362","197.60364683301344","336","1","109.21785265788986","6755.813716298759","12881","0","4786.233487116675","48.18603"
"Qatar Grand Prix","14","83.22613039710455","0.18816","197.30451361177617","343","1","109.74025952353796","6600.813233330492","12893","0","4887.1673699327985","25.25640"
"Qatar Grand Prix","10","82.87440639141852","0.11134","196.87709521529018","332","3","108.42634276195649","6769.7372652632175","12618","0","4826.032798133365","41.37902"
"Qatar Grand Prix","20","82.87539936102236","0.17219","196.49874288738917","325","1","108.42573346247126","6539.181652887866","12713","0","4708.769643719616","48.20876"
"Qatar Grand Prix","27","75.36378159947374","0.17830","196.3377258704275","335","1","108.41567949088086","6644.93522543254","12731","0","4715.683087693632","48.18319"
"Qatar Grand Prix","77","84.53691929270896","0.21577","196.2004250520472","331","1","107.6912061833205","6643.207079746584","12768","0","4799.517307707969","42.22847"
"Qatar Grand Prix","23","76.60266889895608","0.20012","195.7984241059832","334","1","108.44651052796736","6708.676581721072","12971","0","4857.420243402058","26.67689"
"Qatar Grand Prix","22","80.59615180184969","0.11344","195.71440304313998","328","1","107.53893018687599","6637.244751271343","12725","0","4905.698006728702","19.72783"
"Qatar Grand Prix","24","84.72453378315059","0.22160","195.23486808070356","333","1","107.91504807898559","6615.875195318049","12773","0","4775.934627332529","42.13756"
"Qatar Grand Prix","31","82.09655883363605","0.20949","195.08271163051447","334","3","107.97745988763636","6636.9028381488115","12153","0","4766.260477859181","27.12577"
"Qatar Grand Prix","18","77.52661813499728","0.18228","194.6125404743152","336","1","108.96806402039329","6653.00156254439","12735","0","4870.157763847091","25.26208"
"Qatar Grand Prix","40","82.08875739644971","0.12517","193.62677678765485","330","1","107.41521268592317","6540.442739850564","12746","0","4876.500253275946","17.75903"
"Qatar Grand Prix","2","86.96547750516157","0.33078","190.47081458678664","332","1","106.47044656358722","4821.263558623825","13132","0","4987.457096888454","27.08031"
"Qatar Grand Prix","44","100.25782643957827","0.66723","125.31356993736952","270","1","37.75859123007214","671.6052160572743","13233","0","2212.5528775032026","79.54203"
"Qatar Grand Prix","55","104","1.00000",\N,"0",\N,"0","0","0","0","0","100.00000"
"So Paulo Grand Prix","81","84.0136589582883","0.27280","185.64782836211407","331","1","109.19098228937773","5493.186180236772","12600","0","4748.389139251853","45.31529"
"So Paulo Grand Prix","1","76.8729291013555","0.13878","185.47067694369974","326","1","108.57773411923333","5610.975936216478","12264","0","4769.789827492868","31.96907"
"So Paulo Grand Prix","3","85.06410256410257","0.19611","184.89543547143958","336","1","109.37930755257753","5528.553056293791","12656","0","4863.326838475381","29.04325"
"So Paulo Grand Prix","14","79.25091058630008","0.12160","183.10857645138336","328","1","108.58825442367691","5618.390142546509","12717","0","4789.071678369923","28.90070"
"So Paulo Grand Prix","4","78.09079023063647","0.17386","183.08751047778708","327","1","108.70977354250044","5781.85453007973","12687","0","4847.356649109957","32.78328"
"So Paulo Grand Prix","10","82.72450879007239","0.17202","182.60788824292106","337","3","109.08958534727518","5674.0000483208505","12302","0","4790.430956603793","35.75018"
"So Paulo Grand Prix","55","76.31561521252796","0.22037","182.1784088536229","339","1","109.07148181796754","5726.508818555207","12604","0","4729.1575823462945","52.18893"
"So Paulo Grand Prix","44","77.27845468053492","0.16436","181.99253241424586","327","2","107.34169805492851","5670.3973181928","13150","0","4635.703288593519","36.61271"
"So Paulo Grand Prix","27","79.35773558010487","0.19843","181.81441471854166","330","1","107.77100993546574","5829.877168398164","12654","0","4599.694351993342","52.18893"
"So Paulo Grand Prix","18","72.51877377736119","0.13498","181.29898018406433","330","1","109.10444129631034","5735.598308770234","13098","0","4828.434431408114","30.09423"
"So Paulo Grand Prix","31","77.97045119433795","0.13692","180.8251492474565","334","3","108.35457228409135","5470.030514617058","12251","0","4700.282710759481","30.09906"
"So Paulo Grand Prix","11","73.62597602551413","0.12935","180.36152935895868","339","1","108.97981075805538","5631.363807683015","12150","0","4784.131846516776","29.93718"
"So Paulo Grand Prix","2","77.27979746835443","0.18881","179.1117726768776","333","1","107.62645883309622","5716.217129741483","13119","0","4723.574557435655","34.00338"
"So Paulo Grand Prix","63","83.84774169112774","0.25083","177.50537206526064","327","1","104.71394031917401","4928.462333897077","13339","0","4714.784823047014","34.22083"
"So Paulo Grand Prix","22","76.69193316366051","0.11648","172.20021754331444","335","1","108.38947295426972","5942.032205846823","12739","0","4733.7667546585735","30.45663"
"So Paulo Grand Prix","77","91.74973323483543","0.42187","170.9960553633218","340","1","94.88682462756843","3381.819908190384","12377","0","4512.354951625695","67.57429"
"So Paulo Grand Prix","23","100.38123939173508","0.68376","114.66732909379968","281","1","33.212378827959874","580.2848997342353","12961","0","2039.6670563738537","77.09592"
"So Paulo Grand Prix","16","102.17312018235806","0.80440","110.04989035087719","276","1","28.12172681437573","527.5396472577918","12445","0","1804.345559825397","100.00000"
"So Paulo Grand Prix","20","102.00873143315937","0.72061","104.49009009009009","285","1","29.446479302630344","622.914375453008","12705","0","1955.3825471109062","100.00000"
"So Paulo Grand Prix","24","93.8196800595238","0.53300","99.58932353307587","338","1","77.5794457353357","2341.7346460497706","12457","0","3900.9182185021136","68.83547"
"Saudi Arabian Grand Prix","11","79.95550119401247","0.09675","215.07554998070242","334","1","119.44380024483986","6385.222268832025","12798","0","4982.700336751971","24.42320"
"Saudi Arabian Grand Prix","14","84.87299615498374","0.09825","214.54693149496217","323","1","118.42271565447383","6435.170042548091","13219","0","4922.51066189968","23.48535"
"Saudi Arabian Grand Prix","1","83.498108996218","0.11392","213.8135511773186","343","1","119.63405953992205","6405.518037993647","12623","0","5018.48792763141","23.53928"
"Saudi Arabian Grand Prix","31","83.69295612009238","0.10337","212.72382956338768","329","5","117.77370946185991","6581.503415832684","12265","0","5033.814419619354","23.88386"
"Saudi Arabian Grand Prix","10","84.73118531080054","0.08818","212.53901554898408","332","5","117.64240923326855","6570.650296638101","12757","0","5029.247354746329","35.16210"
"Saudi Arabian Grand Prix","63","86.27349242499257","0.18652","211.97730350721525","314","1","117.48540335485247","6710.489542757836","12482","0","4797.737433010948","34.58081"
"Saudi Arabian Grand Prix","44","85.08906825261965","0.21103","211.66848078891059","328","1","117.90045748162427","6606.725834481932","13151","0","4833.292812792983","34.93438"
"Saudi Arabian Grand Prix","20","87.10881464703662","0.24091","211.5823416864996","337","1","117.98415570486334","6738.250044945167","12635","0","4687.335675406226","51.97459"
"Saudi Arabian Grand Prix","22","85.16922898416198","0.08111","211.52664927320163","323","1","117.38732427277094","6733.9478636064005","13020","0","5051.891923455117","22.22389"
"Saudi Arabian Grand Prix","2","85.10484960712677","0.22056","211.30865019011407","336","1","118.3207691108176","6606.772727272727","13061","0","4871.178733494054","35.49470"
"Saudi Arabian Grand Prix","27","86.27662949432802","0.23177","210.97187616214205","342","1","117.72676686523243","6823.451758854198","12923","0","4610.971293513557","29.79565"
"Saudi Arabian Grand Prix","24","84.98090972111129","0.14670","210.74532634411096","331","2","117.27632173239961","6539.7810571103255","12299","0","4872.777878791856","39.56972"
"Saudi Arabian Grand Prix","16","81.58655570371052","0.21358","210.58842100376063","337","1","117.7923677440671","6809.656319290466","12683","0","4726.611311400884","43.22227"
"Saudi Arabian Grand Prix","55","80.4645290170568","0.14997","210.5620872476979","335","1","117.84987710479514","6711.889614670103","12621","0","4808.67893225473","36.68425"
"Saudi Arabian Grand Prix","81","84.43085845755644","0.20123","210.40831318579134","338","1","117.24623735932178","6819.3131479594895","12871","0","4727.333014367148","37.09474"
"Saudi Arabian Grand Prix","21","84.38321809445681","0.10253","209.96056103318983","332","2","117.66695973391849","6664.589380955234","13161","0","4913.541180837369","24.67789"
"Saudi Arabian Grand Prix","4","85.26651601115492","0.21828","209.9192644402242","337","1","117.6514651163847","6949.197039611674","12801","0","4713.379417034321","35.34488"
"Saudi Arabian Grand Prix","77","86.529213138238","0.18520","207.4472107390032","321","1","115.81453502528042","6529.608737340444","12525","0","4854.544636455773","39.47384"
"Saudi Arabian Grand Prix","18","97.13448101265823","0.44622","201.38551458182695","329","1","96.45011106300257","2561.1272247857614","12330","0","4371.622936712544","18.16684"
"Saudi Arabian Grand Prix","23","91.4588567839196","0.46455","195.89003146343336","340","1","107.89500823532059","4086.8028105711032","12641","0","4763.167279970722","39.32702"
"Singapore Grand Prix","63","74.56377551020408","0.15512","164.9380120989356","317","1","95.49094587766821","6315.332105868814","12619","0","4542.836651599198","22.13016"
"Singapore Grand Prix","14","72.19188008186293","0.16392","163.99514525699314","318","1","95.19562033801004","6337.4608873545585","12850","0","4534.544537226738","18.70349"
"Singapore Grand Prix","55","74.42937853107344","0.23989","163.8222164450717","296","1","94.807172316082","6586.3398542385885","12469","0","4394.85151820969","45.65401"
"Singapore Grand Prix","24","74.35895542073331","0.17770","163.31926101516348","314","1","94.09650456190028","6283.132182585347","12587","0","4500.552799811722","38.62933"
"Singapore Grand Prix","10","79.46209191914248","0.21529","162.829427279578","317","5","94.44863360301628","6649.639688019435","12569","0","4557.3924759004585","42.99706"
"Singapore Grand Prix","16","74.61908133094573","0.28150","162.6552221154557","316","1","94.43542997470331","6698.61071474236","12482","0","4397.891202473276","45.69237"
"Singapore Grand Prix","81","68.52601185350287","0.16980","162.54792497415448","323","1","94.6078112263358","6736.605677023398","12738","0","4546.969642677336","36.58867"
"Singapore Grand Prix","4","70.09571027095816","0.18571","162.4825409715045","315","1","94.96384128706845","6835.385960874569","13101","0","4634.056606824761","21.87444"
"Singapore Grand Prix","23","67.84989726397751","0.18468","162.3316027590299","322","1","94.34766612506458","6639.619127988748","13002","0","4513.08025361966","35.38166"
"Singapore Grand Prix","1","72.31635083359221","0.18046","162.01981875782803","317","1","94.24432307239779","6480.8334995524865","12276","0","4504.124023878094","23.60823"
"Singapore Grand Prix","31","86.12304845062403","0.35039","161.84116097882148","321","5","93.28720576062885","4435.604193837105","12577","0","4772.770657096636","38.75975"
"Singapore Grand Prix","20","71.17589304365991","0.17990","161.81160166158145","316","1","94.21864341348287","6712.520368239356","12675","0","4463.387071038709","41.07403"
"Singapore Grand Prix","44","69.83498713708195","0.16167","161.66320387636736","321","1","94.39186593462091","6272.43751438435","12777","0","4306.535836092107","21.70311"
"Singapore Grand Prix","27","58.98845204513399","0.17594","161.6385475884834","326","1","94.04717554389298","6661.4481268380005","12355","0","4426.852189387838","41.07403"
"Singapore Grand Prix","2","72.10829838226483","0.20972","161.31833425465265","316","1","94.01933102674269","6479.139445083749","12573","0","4353.999530992517","25.60542"
"Singapore Grand Prix","40","76.60193432052893","0.17688","161.14975668654643","308","2","93.54790401035957","6548.5909474491755","12594","0","4503.775431901505","21.48063"
"Singapore Grand Prix","11","69.89217908042504","0.17340","160.2803943044907","317","1","94.24938971688654","6498.020048587137","12605","0","4491.762269453986","23.90743"
"Singapore Grand Prix","77","84.19078975317558","0.35192","159.58425792977417","297","1","94.51089532028585","5443.9285769083235","12735","0","4676.641633807904","41.03312"
"Singapore Grand Prix","22","101.46859884836852","0.64994","107.04399472063352","295","1","30.63081737720497","500.7480373353791","12837","0","1990.5737029707113","75.38422"
"Spanish Grand Prix","31","81.84791728212703","0.13516","198.65961327982487","330","5","109.63232907744707","6345.487705971385","12076","0","4796.099259723179","11.31450"
"Spanish Grand Prix","10","82.95763356545146","0.10738","197.9096659688723","344","5","109.90613102544613","6387.361138875403","12407","0","4844.215892020655","32.76123"
"Spanish Grand Prix","11","77.97976096515954","0.11569","197.62375352144167","342","1","110.12236217233377","6373.597138532713","12621","0","4881.555270877663","15.39252"
"Spanish Grand Prix","1","79.62975215290905","0.15715","197.59377483443708","312","1","109.10331352519387","6546.445183767884","12148","0","4790.824381391489","20.82417"
"Spanish Grand Prix","55","81.06369955389563","0.17120","197.1653037896773","329","1","108.93215336004731","6635.215009852357","12519","0","4724.4659047096775","38.83828"
"Spanish Grand Prix","16","82.24230769230769","0.39278","196.92325871755997","345","1","109.47693718043782","6780.761344489819","12414","0","4668.292014843628","34.38616"
"Spanish Grand Prix","63","83.1609693877551","0.17077","196.81079420798596","333","1","108.76919594514025","6765.3902675843165","12701","0","4874.263960971406","19.14784"
"Spanish Grand Prix","44","81.57838951862212","0.17423","196.42303803033633","334","1","108.64458669007834","6502.324813661936","13066","0","4757.092600460344","20.09310"
"Spanish Grand Prix","27","81.69998008166517","0.20541","196.33203090311696","339","1","108.93351774088737","6698.475140645972","13083","0","4737.897065794672","42.14810"
"Spanish Grand Prix","2","86.39753485075215","0.36868","195.73692494491164","333","1","108.15531377266528","6536.280292429391","12785","0","4615.110366521554","19.67616"
"Spanish Grand Prix","4","81.29326327269122","0.20190","195.6000708466171","332","1","108.70807333324491","6814.248822000743","12654","0","4853.341320532152","20.68424"
"Spanish Grand Prix","21","82.1385046301589","0.12283","195.4683712288773","337","1","108.91921728168609","6602.333152468801","13011","0","4921.194035826486","12.10840"
"Spanish Grand Prix","81","82.08974749011256","0.17680","195.06047354006537","336","1","108.37739366760914","6674.247479795528","12603","0","4785.284857469657","21.30679"
"Spanish Grand Prix","14","79.57722520486013","0.11783","194.54627696590117","329","1","108.43925033551972","6668.875260587714","12494","0","4792.6079260183415","15.37253"
"Spanish Grand Prix","24","86.3207984940682","0.27290","194.47612830221527","335","1","108.16983491220533","6585.221549533084","12374","0","4797.895098727561","36.16815"
"Spanish Grand Prix","20","81.5045951635262","0.19345","194.397620096959","348","1","108.80249563183897","6631.163977496644","12729","0","4733.119606861008","42.14810"
"Spanish Grand Prix","23","80.33989487787282","0.20284","194.39415189203493","337","1","107.55345860857159","6620.437044863923","12714","0","4725.654514539063","20.51575"
"Spanish Grand Prix","18","80.81544593345656","0.12365","194.1732608695652","323","1","107.99030595045669","6597.647456949481","12470","0","4729.295633120053","16.62907"
"Spanish Grand Prix","22","80.80573444587557","0.10812","194.15556714018854","335","1","108.53600837595559","6623.7580318131195","12731","0","4889.5879165569995","16.18071"
"Spanish Grand Prix","77","85.00490463215259","0.25245","193.8751918607201","337","1","107.25916950703203","6528.512979410001","12767","0","4785.690014690424","36.29951"
"United States Grand Prix","14","89.93206090344927","0.46645","184.80102782895375","333","1","106.47127020809263","5645.158597204295","12576","0","4797.05128519524","31.25532"
"United States Grand Prix","27","74.22875638220277","0.21393","184.0657679223888","331","1","104.70641746976172","6588.694999038805","12710","0","4545.057152616066","37.37127"
"United States Grand Prix","18","81.911421425594","0.39750","183.41803038546854","337","1","105.21124669865658","6491.627523137341","12972","0","4574.526625156048","32.20553"
"United States Grand Prix","10","81.11430345450441","0.12139","183.20985704787233","324","3","104.52355091573047","6455.974047730207","12411","0","4638.3149388796965","14.15429"
"United States Grand Prix","20","81.81849129212097","0.23618","183.2004577046957","336","1","104.48441794240651","6482.825721582951","12839","0","4549.687648365689","39.34584"
"United States Grand Prix","44","77.39198334200937","0.20171","182.96502040816327","321","1","104.39533130192679","6418.339631450306","12550","0","4562.072927152277","20.72611"
"United States Grand Prix","63","79.79182192112268","0.18359","182.96091869620201","315","2","103.80199526220042","6568.141735094609","12717","0","4686.948238044317","23.48886"
"United States Grand Prix","55","76.0958532206507","0.23544","182.61729804673163","330","1","104.98228842668321","6659.343641007333","12656","0","4590.2703646245645","35.25389"
"United States Grand Prix","1","76.7767562971623","0.15217","182.5928336145256","328","1","103.85356857910283","6546.645044352292","12376","0","4563.54242361695","18.74056"
"United States Grand Prix","4","75.4727616986746","0.13720","181.5546252641847","333","1","104.73588595895141","6698.5236591327275","12841","0","4730.804237686278","16.07942"
"United States Grand Prix","23","75.88974103585657","0.21759","181.00629135040793","333","1","103.398460489066","6598.931590366078","12767","0","4533.184700350584","18.92456"
"United States Grand Prix","77","81.15847744925546","0.27518","180.8632600048705","335","1","103.66959683274348","6496.552577376212","12501","0","4593.791984220982","35.04518"
"United States Grand Prix","16","75.81677031772222","0.26337","180.71781697548346","325","1","104.3920136770041","6723.304286930492","12593","0","4558.39831303187","40.90847"
"United States Grand Prix","11","74.56602736989312","0.16662","180.56393137492918","332","1","104.24639355796933","6460.483151621674","12606","0","4619.002126811151","20.03405"
"United States Grand Prix","22","80.63192612137203","0.12644","180.5425106124924","328","1","103.53254129168273","6651.367780737649","12478","0","4770.281354679552","15.34891"
"United States Grand Prix","2","78.87722132471728","0.22808","179.62535382126973","330","1","103.72305967178342","6518.046823936506","13127","0","4592.384641728605","20.73710"
"United States Grand Prix","24","82.99030097425191","0.27908","179.16606262980005","326","1","103.16485290227202","6399.312196193667","12557","0","4522.746091028056","35.09736"
"United States Grand Prix","3","79.07270972868658","0.12402","178.96792268962156","327","1","103.12868607954313","6559.963474583254","12529","0","4683.797205342055","15.01112"
"United States Grand Prix","81","97.2451049567825","0.53489","161.7222748815166","310","1","69.67534353077747","1736.9632823442178","12758","0","3623.5084720918244","23.52731"
"United States Grand Prix","31","100.1280174679552","0.62917","153.71824104234528","312","3","56.71890528255014","1215.616400736001","11981","0","2948.6262221160555","18.63620"
